epoch,train_loss,val_loss,train_dice,val_dice,train_iou,val_iou,learning_rate,epoch_time_seconds
1,0.6307885617883646,0.5628591391007489,0.4189309148036925,0.6832172000081834,0.38585710717990057,0.6535226851461782,0.0001,95.83442091941833
2,0.5400291786951456,0.5211726415560441,0.5300375827856395,0.3757848143760973,0.4930511429464094,0.33859777539978814,0.0001,78.81209468841553
3,0.49135867231424435,0.47878219223252816,0.6036043686983383,0.39231506319622195,0.5665778506269084,0.3531481997074117,0.0001,78.43171215057373
4,0.45843664058300887,0.4523079412570898,0.637796573787544,0.7328451181903255,0.6006061436828334,0.6985714350293502,0.0001,78.49345898628235
5,0.43546679066840055,0.43251180197689654,0.6472536939696031,0.6995497417820009,0.6106783556955708,0.6659314102506052,0.0001,78.53696632385254
6,0.41875141900705476,0.4181665309769328,0.6582211331437291,0.594436038695478,0.6224409488686397,0.5600198177452422,0.0001,78.48225498199463
7,0.40762479840591137,0.4110378142140338,0.6811554441067522,0.5253781517674756,0.6463616689247171,0.48996313324122315,0.0001,78.45240783691406
8,0.40188337115515416,0.4021967132118397,0.7059049938872879,0.7655078302472882,0.671323811692234,0.7327887197741376,0.0001,78.46564173698425
9,0.39450389279430076,0.40080500253732654,0.7139655178239478,0.7044359769304622,0.6802203414763717,0.6712045821961027,0.0001,78.52457809448242
10,0.3906582135209795,0.3969481764976145,0.7128127767742447,0.7798227408104691,0.6794801992105622,0.7497748015990031,0.0001,78.55309557914734
11,0.3894112448058351,0.3919955912419563,0.6963640134414105,0.7030579582241185,0.6635425615559444,0.6730578060047977,0.0001,78.79758644104004
12,0.3821134906058015,0.3785846492998458,0.710363582593196,0.814908666581286,0.6760530907163378,0.78299645609838,0.0001,80.83277463912964
13,0.37819894810685695,0.39636558092734664,0.7323469306976316,0.5782837933167518,0.6985029487124959,0.5443546815957967,0.0001,81.4599859714508
14,0.3762720620404188,0.3780614660749881,0.7564661876381036,0.8243827655695487,0.7230827435275657,0.7933209887833219,0.0001,78.43181085586548
15,0.37485122240041274,0.3748109428970902,0.7532900985043993,0.8013799688423916,0.7200913385855621,0.7705551509453505,0.0001,78.38161277770996
16,0.37173725598303,0.3775182294384869,0.7733861118083756,0.6427411347631338,0.7412444265636726,0.6080024119404254,0.0001,78.35294461250305
17,0.3712654065322946,0.3801413491344298,0.7699691155413663,0.8119298501867027,0.7378769110300472,0.7830000687720503,0.0001,78.47732520103455
18,0.36925065848440664,0.37435593860352867,0.7906365929039229,0.7892259983612732,0.7585037189969774,0.757008718444857,5e-05,78.31539607048035
19,0.3653566788425775,0.37333240591577477,0.8008021403647995,0.8676069633204389,0.769762889476943,0.8390629028544526,5e-05,78.32121229171753
20,0.36491583577628167,0.368847187206557,0.8044690041912088,0.7857382871129656,0.7740511717538529,0.7556464477848692,5e-05,81.76866960525513
21,0.36367999057245415,0.36859806815399254,0.8204290085787631,0.804641514968565,0.7904079772830667,0.7739350580746809,5e-05,82.7176308631897
22,0.36318253616981533,0.37097804341915147,0.8290449511746179,0.8828969953908629,0.7987381306015511,0.8535922736937297,5e-05,78.56730461120605
23,0.3628091673480101,0.3695061571548143,0.8329813239240348,0.8095476197499741,0.8029201901016011,0.7783359423691681,5e-05,78.35474181175232
24,0.36299860986027044,0.37036183097320285,0.8473185502066688,0.8456660039758913,0.8177836643680574,0.8155266982345766,5e-05,78.4644787311554
25,0.3614886321864526,0.36863283839394695,0.8436375093968662,0.7807216063755461,0.8136034063137204,0.7496527048666436,5e-05,78.47893905639648
26,0.362493296084311,0.3695763939820626,0.832516389193014,0.7363606100113111,0.8026101722485793,0.7041941456940631,2.5e-05,78.33820176124573
27,0.360040328199261,0.36902287712803594,0.8535486956912395,0.827251243392879,0.8242564080786556,0.7976012919771336,2.5e-05,78.34153652191162
28,0.35946191268047895,0.3706099064645752,0.8536879066905365,0.777373005025065,0.8245709084026425,0.7482825911083589,2.5e-05,78.30477857589722
29,0.358913604083768,0.3678496868234134,0.8471931919713106,0.8239357866910728,0.8182164501863264,0.7949660538475295,2.5e-05,78.31132435798645
30,0.35840237967097266,0.37142606326731314,0.8656556636325223,0.71567714840506,0.8370136850324787,0.6856576280355472,1.25e-05,79.84844160079956
